{
  "f1": 0.9755011200904846,
  "precision": 0.9234645366668701,
  "recall": 0.9755011200904846,
  "roc_auc": 0.9755011200904846
}